text,tag
"I made significant progress on Binary Search Trees because I practiced implementing them in exercises and took detailed notes during lectures. However, I struggled with Sorting Algorithms due to a lack of clear explanations.",evaluating
"Reflecting on my time, I noticed that I spent more time on quizzes than exercises. To improve, I'll allocate equal time for both to reinforce understanding.",evaluating
"I made progress in Binary Search Trees by breaking down complex concepts into smaller steps and creating visual aids. However, Sorting Algorithms were challenging due to the complexity of algorithms.",evaluating
"Through the exercises on Computer Science topics, I realized that my strength lies in understanding theoretical aspects, but I need to work on applying them practically.",evaluating
"I think I made progress because I consistently engaged with the lectures and participated in discussions. However, I still struggle with implementing algorithms due to a lack of hands-on experience.",evaluating
"In retrospect, I should have allocated more time for reviewing notes and practicing problems. This would have helped me retain information better.",evaluating
"My approach on Binary Search Trees was effective because I used analogies to explain complex concepts. However, Sorting Algorithms were tough due to the fast pace of learning.",evaluating
I think my progress was hindered by not seeking help early enough when I struggled with certain topics. This led to frustration and wasted time.,evaluating
"After analyzing my performance on quizzes, I noticed that I tend to struggle with questions involving recursion. To improve, I'll focus on this specific area in future practice.",evaluating
"In the past week, I made significant progress on Binary Search Trees by creating interactive diagrams and explaining them to myself. However, Sorting Algorithms were difficult because they require advanced mathematical concepts.",evaluating
"I think I made significant progress on Binary Search Trees because I watched the lectures multiple times, practiced with exercises, and understood how to apply it through quizzes.",evaluating
"My approach worked well for some topics like Sorting Algorithms, but I struggled with understanding the concept of tree traversals in Binary Search Trees. I need to review those again.",evaluating
"I spent more time on exercises than lectures, which helped me grasp concepts better. However, I wish I had watched more videos on specific problems to better understand their applications.",evaluating
"Reflecting on my results, I think I did okay with Binary Search Trees but got stuck on a few questions in Sorting Algorithms. I need to make sure I read the question carefully next time.",evaluating
"I utilized quizzes and exercises effectively to reinforce my understanding of computer science concepts. However, I should have reviewed more resources before starting the study period.",evaluating
One thing that helped me was taking breaks during long study sessions. It allowed me to recharge and approach problems with a fresh perspective.,evaluating
I think identifying my weaknesses was key in this week's studying. Recognizing that I need to practice more on Binary Search Trees has already made a difference in my understanding of the topic.,evaluating
"Engaging with lectures, quizzes, and exercises helped me consolidate knowledge and apply it to new situations. If I were to improve, I would spend even more time reviewing past assignments.",evaluating
The platform provided various learning materials that catered to different learning styles. This helped me find what worked best for my study habits and retain information better.,evaluating
I could see the progress in understanding Binary Search Trees after practicing exercises regularly. It allowed me to internalize the concepts rather than just memorizing them.,evaluating
"I think I made progress on Binary Search Trees because the CompassX platform provided clear explanations and quizzes to reinforce my understanding. I struggled with sorting algorithms, so I'll focus on watching more lectures before attempting exercises.",evaluating
"My time management was poor, but I prioritized topics and completed all assignments. For future study periods, I'll allocate more time for review and practice.",evaluating
"Reflecting on my progress, I realize I need to work on visualizing tree structures better. Watching additional videos and practicing problems will help me improve this skill.",evaluating
"I found quizzes challenging, so I took extra time to review material before attempting exercises. In the future, I'll try to balance learning with consistent practice.",evaluating
"My approach was too superficial, focusing only on completing assignments quickly. However, I didn't fully grasp complex concepts. I need to slow down and truly understand each topic before moving forward.",evaluating
"I made progress by practicing exercises regularly and using the platform's resource library for reference. Next time, I'll also read through textbooks to gain a deeper understanding.",evaluating
"After reviewing my results, I realize I need improvement in identifying and fixing errors quickly. Practicing with more complex problems will help me develop this skill.",evaluating
"Engaging with the CompassX community helped me stay motivated and learn from peers' mistakes. For future study periods, I'll make sure to participate in discussions and ask questions.",evaluating
"I struggled with sorting algorithms initially but persisted through exercises and watched additional lectures. Now, I see how concepts interconnect and will focus on building connections between topics in the next study period.",evaluating
My progress was hindered by not fully comprehending the theoretical background of Binary Search Trees. Watching more introductory lectures and taking notes helped me fill this knowledge gap.,evaluating
I made significant progress on Binary Search Trees by creating interactive quizzes using CompassX's exercise feature. This helped me reinforce my understanding of tree traversal and balancing techniques.,evaluating
"Sorting Algorithms were challenging, but I improved through watching lectures and working on problems individually. I realized that practice is key to mastering these complex concepts.",evaluating
"I struggled with data structures at first, but re-watching the lecture video and breaking down examples into smaller parts helped me grasp the concepts better. This self-directed approach was crucial to my improvement.",evaluating
"By tracking my progress using CompassX's quizzes and exercise logs, I identified areas where I needed more practice. Adjusting my study schedule to include more focused practice sessions yielded significant results.",evaluating
My understanding of tree data structures improved significantly when I participated in interactive exercises on CompassX. The immediate feedback from correct or incorrect answers reinforced my learning.,evaluating
Reflecting on my mistakes during the week helped me identify a weakness in my approach to sorting algorithms. This reflection allowed me to adjust my strategy and improve over time.,evaluating
"Utilizing CompassX's lecture notes and resources, I tailored my learning plan to address specific weaknesses. This personalized approach paid off as I better understood complex concepts like recursive sorting algorithms.",evaluating
"During the week, I found that my performance improved once I practiced solving problems on my own before checking answers on CompassX. This approach fostered a deeper understanding of Binary Search Trees and Sorting Algorithms.",evaluating
"By taking more time to review and practice problems, I successfully overcame initial difficulties with sorting algorithms. Breaking down complex concepts into smaller parts made them more manageable for me.",evaluating
I recognize now that my learning was influenced by the pace of the lectures – faster paced ones were more difficult to follow than slower paced ones. Adapting to different lecturers' styles has helped me in future learning experiences.,evaluating
"I made significant progress due to the interactive quizzes on Binary Search Trees. I struggled with exercises, but practicing them helped me understand the concepts better.",evaluating
"Lectures were helpful, but I think I could've benefited from more practice problems. I need to focus on improving my coding skills.",evaluating
"I found exercises to be too easy, so I opted for quizzes instead. This helped me identify areas where I needed improvement in Binary Search Trees.",evaluating
"Reflecting on my time spent studying, I realize I wasted a lot of time on topics outside the scope of the course. Next time, I'll focus on what's covered.",evaluating
"The exercises were challenging, but they helped me develop problem-solving skills. I should've spent more time reviewing concepts before starting each exercise.",evaluating
"I made progress in understanding Sorting Algorithms by working through example problems and watching video lectures. However, I need to improve my ability to explain concepts clearly.",evaluating
"I struggled with Binary Search Trees because I didn't understand the underlying data structures. Now that I've grasped those fundamentals, I'm finding exercises easier.",evaluating
"Lectures were informative, but I didn't take as much notes as I should have. Next time, I'll make sure to review materials more thoroughly before exams.",evaluating
"I think my progress was hindered by not using the provided resources effectively. For example, I relied too heavily on quizzes instead of practicing exercises or watching lectures.",evaluating
Reviewing notes and concepts after each lecture helped solidify my understanding of Binary Search Trees and Sorting Algorithms. This approach should be used in future study sessions as well.,evaluating
"I made significant progress on Binary Search Trees because I used CompassX's interactive quizzes to practice my understanding of tree traversal algorithms. I struggled with Sorting Algorithms, so I watched additional lectures to review the concepts.",evaluating
"I found that spending more time on exercises helped me solidify my grasp of sorting algorithms. The quizzes were too easy for me, which made it difficult to identify areas where I needed improvement.",evaluating
"The lectures on Binary Search Trees were engaging, and I appreciated the real-world examples. However, I still struggled with applying the concepts to more complex problems.",evaluating
"I realized that my biggest strength was in understanding the theoretical aspects of Binary Search Trees. To improve, I should focus more on practical implementations.",evaluating
"The quizzes helped me identify my weaknesses in Sorting Algorithms, particularly in handling edge cases. I'll review those topics again to improve my performance.",evaluating
"I think I made progress because I consistently practiced exercises and quizzes. However, I wish there were more resources available for advanced topics like heap data structures.",evaluating
"I found the lectures on Binary Search Trees informative, but I still had trouble understanding how to apply the concepts to specific use cases. More practical examples would be helpful.",evaluating
Spending more time reviewing notes and practicing exercises helped me retain information better. This will be my strategy for future courses.,evaluating
"I didn't see significant progress because I only completed a week of studying, which wasn't enough time to fully grasp the topics. I need to increase my study pace or duration in the future.",evaluating
"I realized that I relied too heavily on lectures and not enough on exercises and quizzes. Next time, I'll prioritize practice problems to improve my skills.",evaluating
The interactive nature of CompassX's platform helped me engage with the material better than traditional teaching methods. This format will be ideal for future courses.,evaluating
"I spent more time reviewing notes and practicing exercises. This approach helped me understand Binary Search Trees better, but I struggled with Sorting Algorithms.",evaluating
"Lectures were helpful, but quizzes revealed my weakness in understanding tree structures. I need to focus on visual aids for better retention.",evaluating
"Engaging with the community through discussions boosted my confidence in Binary Search Tree implementation. However, I still find algorithms challenging.",evaluating
"Regular practice sessions allowed me to grasp sorting concepts quickly, but difficulties arose when applying them to real-world problems.",evaluating
Quizzes forced me to identify areas where I needed more practice. I focused on exercises that target these weaknesses.,evaluating
"Reflecting on my time spent, I realized that less time was devoted to reviewing and practicing algorithms. Adjusting this balance could improve future outcomes.",evaluating
"The variety of exercises and quizzes helped me develop a well-rounded understanding of Binary Search Trees. However, the pace of Sorting Algorithms was still challenging for me.",evaluating
Engaging with tutorials and videos improved my grasp of tree structures but left me uncertain about when to apply them in practice scenarios.,evaluating
"Focusing on one concept at a time allowed me to deepen my understanding of Binary Search Trees. However, the broad scope of Sorting Algorithms still makes it difficult for me to achieve fluency.",evaluating
"I underestimated the amount of time required to master Binary Search Trees. With more practice and review, I believe this topic will become more manageable.",evaluating
"I made significant progress on Binary Search Trees because I practiced implementing algorithms through exercises. However, I struggled with understanding the time complexities, which held me back from mastering the topic.",evaluating
"Sorting Algorithms were my weak point. I found it challenging to visualize and compare different sorting techniques. To improve, I need more practice problems that require explanation and application.",evaluating
"I was surprised by how quickly I grasped Binary Search Trees. I attribute this to the interactive quizzes on CompassX, which helped me identify areas where I needed extra support.",evaluating
"My time management skills were a challenge. If I had allocated more time for reviewing and practicing, I would have made better progress in Sorting Algorithms.",evaluating
"I realized that my approach to learning was too passive – watching lectures without actively taking notes or summarizing key points. To improve, I need to find ways to engage more with the material.",evaluating
"Binary Search Trees were a bit easier than I expected. This might be due to the clear explanations in the lectures and practice problems. However, Sorting Algorithms still require more effort from me.",evaluating
"The quizzes on CompassX helped me identify my knowledge gaps, particularly in understanding the trade-offs between different sorting algorithms. This insight has allowed me to focus my studying more effectively.",evaluating
"I felt that I made progress in Binary Search Trees because I took advantage of the practice problems and exercises available on the platform. However, I still need to work on applying these concepts to real-world scenarios.",evaluating
"My main struggle with Sorting Algorithms was translating theoretical concepts into practical implementation. To overcome this, I will make sure to work through more coding challenges that force me to apply what I've learned.",evaluating
"Reflecting on my progress, I notice that I made better use of the time during lectures by actively taking notes and summarizing key points in my own words. This helped solidify my understanding of Binary Search Trees.",evaluating
"I felt like I made significant progress because I understood the basics of Binary Search Trees and could apply them to exercises. However, I struggled with Sorting Algorithms and need more practice.",evaluating
"I didn't see much improvement, as I kept getting stuck on similar problems. I'll review my approach to problem-solving.",evaluating
"The quizzes helped me identify areas where I needed extra attention, like understanding the time complexity of algorithms.",evaluating
Engaging with lectures made complex topics more accessible. I'd like to watch more video lessons in the future.,evaluating
"I feel like I'm getting better at implementing algorithms, but still struggle with explaining concepts to others. More practice explaining will help.",evaluating
"I was able to solve some exercises quickly, but then got stuck on harder problems. I should focus on breaking down complex problems into smaller steps.",evaluating
I noticed that my mistakes often came from not reading the problem carefully enough. I'll make sure to read each question thoroughly.,evaluating
"The platform's quizzes and exercises were a great way to assess my knowledge, but sometimes they felt repetitive. Mixing up the format would keep me engaged.",evaluating
I found that practicing real-world scenarios made the topics more interesting and relevant. I'd like to see more application-based lessons.,evaluating
"I'm satisfied with my progress overall, especially after completing a challenging exercise. However, there's still room for improvement in terms of efficiency and speed.",evaluating
"I made significant progress on Binary Search Trees because I understood the concept of tree traversal and implemented it correctly in quizzes. However, I struggled with sorting algorithms, especially when dealing with edge cases.",evaluating
I think my effort paid off because I consistently scored above 80% on exercises. Weak points are areas where I need to improve my coding skills and understand the theoretical background better.,evaluating
I was able to grasp Sorting Algorithms by breaking them down into smaller components and practicing each step separately. My only struggle was with understanding the trade-off between different algorithms' time complexities.,evaluating
"My progress in Binary Search Trees came from actively participating in lectures and engaging with peer discussions. I struggled with explaining complex concepts clearly, which may hinder my understanding of related topics.",evaluating
"I was able to complete quizzes on Sorting Algorithms efficiently by identifying patterns and using algorithms I already knew. However, the lack of practice in implementing more advanced data structures held me back.",evaluating
"Through regular review sessions and practice exercises, I gained confidence in solving Binary Search Tree problems. My main challenge was applying theoretical knowledge to real-world scenarios.",evaluating
"I noticed that my understanding of tree traversal improved significantly as I delved deeper into the topic. Still, sorting algorithms remain challenging for me because I sometimes struggle with data visualization and intuition.",evaluating
"Engaging in peer-to-peer discussions helped solidify my grasp on Binary Search Trees. While I made some progress, implementing advanced data structures is still an area where I need improvement.",evaluating
"My study time was well-spent as I could see significant progress in solving tree-related problems. However, struggles persist with balancing the trade-offs between different algorithms' efficiency and complexity.",evaluating
I gained a good understanding of Binary Search Trees through lectures and quizzes but still require practice to refine my skills in this area. My weakness lies in developing efficient sorting algorithm implementations.,evaluating
